Fold;Accuracy Mean;Accuracy Std;Jaccard Mean;Jaccard Std;DICE Mean;DICE Std;Precision Mean;Precision Std;Recall Mean;Recall Std
1;0.999964714050293;0.000194352113882483;0.9533241958774364;0.0868306340477976;0.9727578;0.077244416;0.9700016498369903;0.08310221853344821;0.9807446194174562;0.03482591626790589
2;0.9999806313287645;2.145841697655291e-05;0.9544266647179256;0.07203950499516698;0.9749073;0.048794962;0.9801720318302077;0.03529873587498196;0.9736271464657711;0.06623608128424686
3;0.9999764533269972;2.510450165748288e-05;0.9445524630775705;0.0634121984609508;0.9702794;0.037127253;0.970390987375095;0.04865461523167943;0.9733630209146888;0.05067748159210371
4;0.99998307370854;1.703707417108472e-05;0.9493654345287506;0.061115014902012176;0.9729311;0.034965094;0.9808319215281026;0.03546540913402762;0.9678529865570206;0.05567075896570713
5;0.9999806752461873;2.327378229562947e-05;0.948379448660701;0.0843969385863984;0.97083837;0.06273579;0.9612928853518553;0.08526140422414007;0.9867572409307258;0.02371861286623501
Overall Mean;0.9999771095321563;6.5538895881896185e-06;0.9500096413724768;0.003559485706615926;0.9723428;0.0016502015;0.9725378951844503;0.007274103588138353;0.9764690028571325;0.006574005599169371
